5WAjxjmLTeRVri9r1adCmkik6EUpSBpn3TqVbt4yxG8t,Scam
3GfMouzT8KC8HQxZj1NFPsdwwPeXuiRt1gukrnGfQNLw,Scam
79jWQxTiV925jubY2c48vwJqVN2z1hU3rXX8uqdhuQnY,Scam
51awpt1CUDzSTmrbrNVGuwTFu3Fzg55TW7V4pcCsftME,Scam
2hTKAfMngHnSxEC95mNVaTXPysw84r6YjbEmvWYPunWo,Scam
CK4ejuLhSSsjqYCxzCDPrDVnCFRVYav6eSqBgGij2XJz,Scam
QYdPXaHaGWpoGina9hnYgetGH7cGmQVUW94QngnPVtt,Scam
wwtvv4V4LAUgNxH4c4eEo8Fh7moJf5FLJ84MsrsrnS4,Scam
s1bWNiNW4bdseRxEiQFbC2N8u2VWTbyLGUC9y55HEwz,Scam
FLGQLTPCmiPmrGawXMgGYCcD1gAKjStTvHgbLUvyg2mi,Scam
6B7j2Q8B8JA6CScbS1cJx9ms4PvGrJoWQrW5bEpgp1dm,Scam
5qAEgrGAm4a6snFctqPbR17DWosiJD7eThyRzJM5KNio,Scam
